Plataforma,Servidor,IP,Site,Sistema Operativo,Version Sistema Operativo,Software Base,VersionSoftwareBase
3DS,VP2MW328,152.139.167.28,LGVL,LINUX,ORACLE LINUX 6,Oracle WebLogic Server,12.2.1.3.0
3DS,VP2MW329,152.139.167.29,LGVL,LINUX,ORACLE LINUX 6,Oracle WebLogic Server,12.2.1.3.0
3DS,VP2MW330,152.139.167.30,LGVL,LINUX,ORACLE LINUX 6,Oracle WebLogic Server,12.2.1.3.0
3DS,VP1MW328,152.139.166.28,CDLV,LINUX,ORACLE LINUX 6,Oracle WebLogic Server,12.2.1.3.0
3DS,VP1MW329,152.139.166.29,CDLV,LINUX,ORACLE LINUX 6,Oracle WebLogic Server,12.2.1.3.0
3DS,VP1MW330,152.139.166.30,CDLV,LINUX,ORACLE LINUX 6,Oracle WebLogic Server,12.2.1.3.0
ACCIONES,BCHLNX197,152.139.85.99,LGVL,LINUX,RED HAT ENTERPRISE LINUX 7,Oracle Weblogic Server,10.3.6.0
ACCIONES,BCHLNX196,152.139.82.120,CDLV,LINUX,RED HAT ENTERPRISE LINUX 7,Oracle WebLogic Server,10.3.6.0
AEM,BCHLNX387,152.139.23.144,CDLV,LINUX,RED HAT ENTERPRISE LINUX 7,Oracle Weblogic Server,12.2.1.4.0
AEM,BCHLNX388,152.139.23.152,CDLV,LINUX,RED HAT ENTERPRISE LINUX 7,Oracle Weblogic Server,12.2.1.4.0
AEM,BCHLNX390,152.139.49.41,LGVL,LINUX,RED HAT ENTERPRISE LINUX 7,Oracle Weblogic Server,12.2.1.4.0
AEM,BCHLNX391,152.139.48.55,LGVL,LINUX,RED HAT ENTERPRISE LINUX 7,Oracle Weblogic Server,12.2.1.4.0
Agenda,BCHAPP709,152.139.23.34,CDLV,WINDOWS,MICROSOFT WINDOWS SERVER 2012,IIS,
Agenda,BCHAPP710,152.139.23.46,LGVL,WINDOWS,MICROSOFT WINDOWS SERVER 2012,IIS,
ApiConnect,OKE_SCL_ApiConnect_01,10.111.74.72,SCL,Pendiente,pendiente,Apiconnect,v1.23.4
ApiConnect,OKE_SCL_ApiConnect_02,10.111.74.73,SCL,Pendiente,pendiente,Apiconnect,v1.23.4
ApiConnect,OKE_SCL_ApiConnect_03,10.111.74.74,SCL,Pendiente,pendiente,Apiconnect,v1.23.4
ApiConnect,OKE_ASH_ApiConnect_01,10.101.73.178,ASH,Pendiente,pendiente,K8,v1.23.4
ApiConnect,OKE_ASH_ApiConnect_02,10.101.74.255,ASH,Pendiente,pendiente,K8,v1.23.4
ApiConnect,OKE_ASH_ApiConnect_03,10.101.75.148,ASH,Pendiente,pendiente,K8,v1.23.4
ApiConnect,OKE-NEW_SCL1_ApiConnect_01,10.111.74.107,SCL,Pendiente,pendiente,K8,v1.25.12
ApiConnect,OKE-NEW_SCL1_ApiConnect_02,10.111.74.109,SCL,Pendiente,pendiente,K8,v1.25.12
ApiConnect,OKE-NEW_SCL1_ApiConnect_03,10.111.74.111,SCL,Pendiente,pendiente,K8,v1.25.12
ApiConnect,OKE-NEW_SCL1_ApiConnect_04,10.111.74.80,SCL,Pendiente,pendiente,K8,v1.25.12
ApiConnect,OKE-NEW_SCL1_ApiConnect_05,10.111.74.81,SCL,Pendiente,pendiente,K8,v1.25.12
ApiConnect,OKE-NEW_SCL1_ApiConnect_06,10.111.74.93,SCL,Pendiente,pendiente,K8,v1.25.12
ApiConnect,OKE-NEW_SCL2_ApiConnect_01,10.111.74.112,SCL,Pendiente,pendiente,K8,v1.25.12
ApiConnect,OKE-NEW_SCL2_ApiConnect_02,10.111.74.114,SCL,Pendiente,pendiente,K8,v1.25.12
ApiConnect,OKE-NEW_SCL2_ApiConnect_03,10.111.74.118,SCL,Pendiente,pendiente,K8,v1.25.12
ApiConnect,OKE-NEW_SCL2_ApiConnect_04,10.111.74.90,SCL,Pendiente,pendiente,K8,v1.25.12
ApiConnect,OKE-NEW_SCL2_ApiConnect_05,10.111.74.94,SCL,Pendiente,pendiente,K8,v1.25.12
ApiConnect,OKE-NEW_SCL2_ApiConnect_06,10.111.74.99,SCL,Pendiente,pendiente,K8,v1.25.12
ApiConnect,OKE-NEW_ASH_ApiConnect_01,10.101.78.100,SCL,Pendiente,pendiente,K8,v1.25.12
ApiConnect,OKE-NEW_ASH_ApiConnect_02,10.101.78.107,ASH,Pendiente,pendiente,K8,v1.25.12
ApiConnect,OKE-NEW_ASH_ApiConnect_03,10.101.78.68,ASH,Pendiente,pendiente,K8,v1.25.12
ApiConnect,OKE-NEW_ASH_ApiConnect_04,10.101.78.80,ASH,Pendiente,pendiente,K8,v1.25.12
ApiConnect,OKE-NEW_ASH_ApiConnect_05,10.101.78.85,ASH,Pendiente,pendiente,K8,v1.25.12
ApiConnect,OKE-NEW_ASH_ApiConnect_06,10.101.78.94,ASH,Pendiente,pendiente,K8,v1.25.12
ApiConnect,BCHLNX370,152.139.23.109,CDLV,LINUX,LINUX UBUNTU 16,Apiconnect,5.0.8.6
ApiConnect,BCHLNX371,152.139.22.45,CDLV,LINUX,LINUX UBUNTU 16,Apiconnect,5.0.8.6
ApiConnect,BCHLNX372,152.139.22.127,CDLV,LINUX,LINUX UBUNTU 16,Apiconnect,5.0.8.6
ApiConnect,BCHLNX373,152.139.23.91,CDLV,LINUX,LINUX UBUNTU 16,Apiconnect,5.0.8.6
ApiConnect,BCHLNX374,152.139.23.226,CDLV,LINUX,LINUX UBUNTU 16,Apiconnect,5.0.8.6
ATI,BCHLNX721,152.139.170.22,CDLV,LINUX,RED HAT ENTERPRISE LINUX 7,Websphere Application Server,8.5.5
ATI,BCHLNX722,152.139.170.23,CDLV,LINUX,RED HAT ENTERPRISE LINUX 7,Websphere Application Server,8.5.5
ATI,BCHLNX723,152.139.170.24,CDLV,LINUX,RED HAT ENTERPRISE LINUX 7,Websphere Application Server,8.5.5
ATI,BCHLNX724,152.139.170.25,LGVL,LINUX,RED HAT ENTERPRISE LINUX 7,Websphere Application Server,8.5.5
ATI,BCHLNX725,152.139.170.26,LGVL,LINUX,RED HAT ENTERPRISE LINUX 7,Websphere Application Server,8.5.5
ATI,BCHAPP778,152.139.170.16,CDLV,WINDOWS,MICROSOFT WINDOWS SERVER 2016,IIS,
ATI,BCHAPP780,152.139.170.18,CDLV,WINDOWS,MICROSOFT WINDOWS SERVER 2016,IIS,
ATI,BCHAPP779,152.139.170.17,LGVL,WINDOWS,MICROSOFT WINDOWS SERVER 2016,IIS,
TELLER,VP2MW206,152.139.104.16,LGVL,LINUX,ORACLE LINUX 6,Oracle WebLogic Server,12.2.1.0.0
TELLER,VP2MW207,152.139.104.17,LGVL,LINUX,ORACLE LINUX 6,Oracle WebLogic Server,12.2.1.0.0
TELLER,VP2MW208,152.139.104.18,LGVL,LINUX,ORACLE LINUX 6,Oracle WebLogic Server,12.2.1.0.0
TELLER,VP2MW209,152.139.104.19,LGVL,LINUX,ORACLE LINUX 6,Oracle WebLogic Server,12.2.1.0.0
TELLER,VP1MW206,152.139.102.16,CDLV,LINUX,ORACLE LINUX 6,Oracle WebLogic Server,12.2.1.0.0
TELLER,VP1MW207,152.139.102.17,CDLV,LINUX,ORACLE LINUX 6,Oracle WebLogic Server,12.2.1.0.0
TELLER,VP1MW208,152.139.102.18,CDLV,LINUX,ORACLE LINUX 6,Oracle WebLogic Server,12.2.1.0.0
TELLER,VP1MW209,152.139.102.19,CDLV,LINUX,ORACLE LINUX 6,Oracle WebLogic Server,12.2.1.0.0
Banco Compensador,BCHLNX923,10.242.200.96,CDLV,LINUX,RED HAT ENTERPRISE LINUX 8,Apache,2.4.53
Banco Compensador,BCHLNX924,10.232.200.96,LGVL,LINUX,RED HAT ENTERPRISE LINUX 8,Apache,2.4.53
BPEL,BCHLNX59,152.139.83.202,CDLV,LINUX,RED HAT ENTERPRISE LINUX 5,Oracle WebLogic Server,10.3.4.0
BPEL,BCHLNX62,152.139.85.5,CDLV,LINUX,RED HAT ENTERPRISE LINUX 5,Oracle WebLogic Server,10.3.4.0
TELLER,VP2MW202,152.139.104.12,LGVL,LINUX,ORACLE LINUX 6,Oracle WebLogic Server,12.2.1.4.0
TELLER,VP2MW203,152.139.104.13,LGVL,LINUX,ORACLE LINUX 6,Oracle WebLogic Server,12.2.1.4.0
TELLER,VP2MW204,152.139.104.14,LGVL,LINUX,ORACLE LINUX 6,Oracle WebLogic Server,12.2.1.4.0
TELLER,VP2MW205,152.139.104.15,LGVL,LINUX,ORACLE LINUX 6,Oracle WebLogic Server,12.2.1.4.0
TELLER,VP1MW202,152.139.102.12,CDLV,LINUX,ORACLE LINUX 6,Oracle WebLogic Server,12.2.1.4.0
TELLER,VP1MW203,152.139.102.13,CDLV,LINUX,ORACLE LINUX 6,Oracle WebLogic Server,12.2.1.4.0
TELLER,VP1MW204,152.139.102.14,CDLV,LINUX,ORACLE LINUX 6,Oracle WebLogic Server,12.2.1.4.0
TELLER,VP1MW205,152.139.102.15,CDLV,LINUX,ORACLE LINUX 6,Oracle WebLogic Server,12.2.1.4.0
BPM,T525,152.139.48.152,LGVL,AIX,AIX 7,Websphere Application Server,8.5.5.0
BPM,T526,152.139.48.153,LGVL,AIX,AIX 7,Websphere Application Server,8.5.5.0
BPM,T527,152.139.48.154,LGVL,AIX,AIX 7,Websphere Application Server,8.5.5.0
BPM,T528,152.139.48.155,LGVL,AIX,AIX 7,Websphere Application Server,8.5.5.0
BPM,T529,152.139.48.156,LGVL,AIX,AIX 7,Websphere Application Server,8.5.5.0
BPM,T530,152.139.48.157,LGVL,AIX,AIX 7,Websphere Application Server,8.5.5.0
BPM,T540,152.139.49.145,LGVL,AIX,AIX 7,IBM HTTP Server,8.5.0.2
BPM,T541,152.139.49.150,LGVL,AIX,AIX 7,IBM HTTP Server,8.5.0.2
BPM,T542,152.139.49.151,LGVL,AIX,AIX 7,IBM HTTP Server,8.5.0.2
BPM,T543,152.139.49.152,LGVL,AIX,AIX 7,IBM HTTP Server,8.5.0.2
BPM,U525,152.139.48.146,CDLV,AIX,AIX 7,Websphere Application Server,8.5.5.0
BPM,U526,152.139.48.147,CDLV,AIX,AIX 7,Websphere Application Server,8.5.5.0
BPM,U527,152.139.48.148,CDLV,AIX,AIX 7,Websphere Application Server,8.5.5.0
BPM,U528,152.139.48.149,CDLV,AIX,AIX 7,Websphere Application Server,8.5.5.0
BPM,U529,152.139.48.150,CDLV,AIX,AIX 7,Websphere Application Server,8.5.5.0
BPM,U530,152.139.48.151,CDLV,AIX,AIX 7,Websphere Application Server,8.5.5.0
BPM,U540,152.139.49.140,CDLV,AIX,AIX 7,IBM HTTP Server,8.5.0.2
BPM,U541,152.139.49.218,CDLV,AIX,AIX 7,IBM HTTP Server,8.5.0.2
BPM,U542,152.139.49.124,CDLV,AIX,AIX 7,IBM HTTP Server,8.5.0.2
BPM,U543,152.139.49.144,CDLV,AIX,AIX 7,IBM HTTP Server,8.5.0.2
BPM,U548,152.139.49.153,CDLV,AIX,AIX 7,Websphere Application Server,8.5.5.0
BROKER,U244,152.139.22.150,CDLV,AIX,AIX 5,WebSphere Broker Server,6.1
TELETON,VP2MW360,152.139.104.116,LGVL,LINUX,ORACLE LINUX 6,Oracle WebLogic Server,12.2.1.4.0
TELETON,VP2MW361,152.139.104.117,LGVL,LINUX,ORACLE LINUX 6,Oracle WebLogic Server,12.2.1.4.0
TELETON,VP2MW362,152.139.104.124,LGVL,LINUX,ORACLE LINUX 6,Oracle WebLogic Server,12.2.1.4.0
TELETON,VP2MW363,152.139.104.131,LGVL,LINUX,ORACLE LINUX 6,Oracle WebLogic Server,12.2.1.4.0
TELETON,VP1MW360,152.139.102.116,CDLV,LINUX,ORACLE LINUX 6,Oracle WebLogic Server,12.2.1.4.0
TELETON,VP1MW361,152.139.102.117,CDLV,LINUX,ORACLE LINUX 6,Oracle WebLogic Server,12.2.1.4.0
TELETON,VP1MW362,152.139.102.133,CDLV,LINUX,ORACLE LINUX 6,Oracle WebLogic Server,12.2.1.4.0
TELETON,VP1MW363,152.139.102.156,CDLV,LINUX,ORACLE LINUX 6,Oracle WebLogic Server,12.2.1.4.0
TELLER,VP2MW100,152.139.104.56,LGVL,LINUX,ORACLE LINUX 6,Oracle WebLogic Server,12.2.1.4.0
TELLER,VP2MW101,152.139.104.57,LGVL,LINUX,ORACLE LINUX 6,Oracle WebLogic Server,12.2.1.4.0
TELLER,VP2MW102,152.139.104.58,LGVL,LINUX,ORACLE LINUX 6,Oracle WebLogic Server,12.2.1.4.0
TELLER,VP2MW103,152.139.104.59,LGVL,LINUX,ORACLE LINUX 6,Oracle WebLogic Server,12.2.1.4.0
TELLER,VP1MW100,152.139.102.56,CDLV,LINUX,ORACLE LINUX 6,Oracle WebLogic Server,12.2.1.4.0
TELLER,VP1MW101,152.139.102.57,CDLV,LINUX,ORACLE LINUX 6,Oracle WebLogic Server,12.2.1.4.0
TELLER,VP1MW102,152.139.102.58,CDLV,LINUX,ORACLE LINUX 6,Oracle WebLogic Server,12.2.1.4.0
TELLER,VP1MW103,152.139.102.59,CDLV,LINUX,ORACLE LINUX 6,Oracle WebLogic Server,12.2.1.4.0
TELLER,VP2MW210,152.139.104.20,LGVL,LINUX,ORACLE LINUX 6,Oracle WebLogic Server,12.2.1.0.0
TELLER,VP1MW210,152.139.102.20,CDLV,LINUX,ORACLE LINUX 6,Oracle WebLogic Server,12.2.1.0.0
Campanas,VP2MW095,152.139.104.195,LGVL,LINUX,ORACLE LINUX 6,Oracle WebLogic Server,12.2.1.0.0
Campanas,VP2MW096,152.139.104.196,LGVL,LINUX,ORACLE LINUX 6,Oracle WebLogic Server,12.2.1.0.0
Campanas,VP2MW097,152.139.104.197,LGVL,LINUX,ORACLE LINUX 6,Oracle WebLogic Server,12.2.1.0.0
Campanas,VP2MW098,152.139.104.198,LGVL,LINUX,ORACLE LINUX 6,Oracle WebLogic Server,12.2.1.0.0
Campanas,VP2MW099,152.139.104.199,LGVL,LINUX,ORACLE LINUX 6,Oracle WebLogic Server,12.2.1.0.0
Campanas,VP2MW200,152.139.104.200,LGVL,LINUX,ORACLE LINUX 6,Oracle WebLogic Server,12.2.1.0.0
Campanas,VP2MW358,152.139.167.102,LGVL,LINUX,ORACLE LINUX 6,Oracle WebLogic Server,12.2.1.0.0
Campanas,VP2MW359,152.139.167.103,LGVL,LINUX,ORACLE LINUX 6,Oracle WebLogic Server,12.2.1.0.0
Campanas,VP1MW095,152.139.102.195,CDLV,LINUX,ORACLE LINUX 6,Oracle WebLogic Server,12.2.1.0.0
Campanas,VP1MW096,152.139.102.196,CDLV,LINUX,ORACLE LINUX 6,Oracle WebLogic Server,12.2.1.0.0
Campanas,VP1MW097,152.139.102.197,CDLV,LINUX,ORACLE LINUX 6,Oracle WebLogic Server,12.2.1.0.0
Campanas,VP1MW098,152.139.102.198,CDLV,LINUX,ORACLE LINUX 6,Oracle WebLogic Server,12.2.1.0.0
Campanas,VP1MW099,152.139.102.199,CDLV,LINUX,ORACLE LINUX 6,Oracle WebLogic Server,12.2.1.0.0
Campanas,VP1MW200,152.139.102.200,CDLV,LINUX,ORACLE LINUX 6,Oracle WebLogic Server,12.2.1.0.0
Campanas,VP1MW358,152.139.166.102,CDLV,LINUX,ORACLE LINUX 6,Oracle WebLogic Server,12.2.1.0.0
Campanas,VP1MW359,152.139.166.103,CDLV,LINUX,ORACLE LINUX 6,Oracle WebLogic Server,12.2.1.0.0
CDN,VP1MW054,152.139.102.154,CDLV,LINUX,ORACLE LINUX 6,Oracle Traffic Director,11.1.1.9.0
CDN,VP1MW055,152.139.102.155,CDLV,LINUX,ORACLE LINUX 6,Oracle Traffic Director,11.1.1.9.0
MDM,VP1MW236,152.139.102.50,CDLV,LINUX,ORACLE LINUX 6,MDM,16Patchset13
MDM EDQ,VP1MW238,152.139.102.52,CDLV,LINUX,ORACLE LINUX 6,Oracle WebLogic Server,12.2.1.2.0
CDN,VP2MW054,152.139.104.154,LGVL,LINUX,ORACLE LINUX 6,Oracle Traffic Director,11.1.1.9.0
CDN,VP2MW055,152.139.104.155,LGVL,LINUX,ORACLE LINUX 6,Oracle Traffic Director,11.1.1.9.0
MDM,VP2MW236,152.139.104.40,LGVL,LINUX,ORACLE LINUX 6,MDM,16Patchset13
MDM EDQ,VP2MW238,152.139.104.42,LGVL,LINUX,ORACLE LINUX 6,Oracle WebLogic Server,12.2.1.2.0
CDN,VP1MW050,152.139.102.150,CDLV,LINUX,ORACLE LINUX 6,Oracle WebLogic Server,12.2.1.4.0
CDN,VP1MW051,152.139.102.151,CDLV,LINUX,ORACLE LINUX 6,Oracle WebLogic Server,12.2.1.4.0
CDN,VP1MW052,152.139.102.152,CDLV,LINUX,ORACLE LINUX 6,Oracle WebLogic Server,12.2.1.4.0
CDN,VP1MW053,152.139.102.153,CDLV,LINUX,ORACLE LINUX 6,Oracle WebLogic Server,12.2.1.4.0
CDN,VP1MW334,152.139.102.157,CDLV,LINUX,ORACLE LINUX 6,Oracle WebLogic Server,12.2.1.4.0
CDN,VP1MW349,152.139.166.49,CDLV,LINUX,ORACLE LINUX 6,Oracle WebLogic Server,12.2.1.4.0
CDN,VP1MW350,152.139.166.50,CDLV,LINUX,ORACLE LINUX 6,Oracle WebLogic Server,12.2.1.4.0
CDN,VP1MW351,152.139.166.51,CDLV,LINUX,ORACLE LINUX 6,Oracle WebLogic Server,12.2.1.4.0
CDN,VP1MW374,152.139.102.29,CDLV,UNIX,RED HAT ENTERPRISE LINUX 6,Oracle Weblogic Server,12.2.1.4.0
CDN,VP1MW375,152.139.102.174,CDLV,UNIX,RED HAT ENTERPRISE LINUX 6,Oracle Weblogic Server,12.2.1.4.0
CDN,VP2MW050,152.139.104.150,LGVL,LINUX,ORACLE LINUX 6,Oracle WebLogic Server,12.2.1.4.0
CDN,VP2MW051,152.139.104.151,LGVL,LINUX,ORACLE LINUX 6,Oracle WebLogic Server,12.2.1.4.0
CDN,VP2MW052,152.139.104.152,LGVL,LINUX,ORACLE LINUX 6,Oracle WebLogic Server,12.2.1.4.0
CDN,VP2MW053,152.139.104.153,LGVL,LINUX,ORACLE LINUX 6,Oracle WebLogic Server,12.2.1.4.0
CDN,VP2MW334,152.139.104.174,LGVL,LINUX,ORACLE LINUX 6,Oracle WebLogic Server,12.2.1.4.0
CDN,VP2MW349,152.139.167.49,LGVL,LINUX,ORACLE LINUX 6,Oracle WebLogic Server,12.2.1.4.0
CDN,VP2MW350,152.139.167.50,LGVL,LINUX,ORACLE LINUX 6,Oracle WebLogic Server,12.2.1.4.0
CDN,VP2MW351,152.139.167.51,LGVL,LINUX,ORACLE LINUX 6,Oracle WebLogic Server,12.2.1.4.0
CDN,VP2MW374,152.139.104.122,LGVL,LINUX,ORACLE LINUX 6,Oracle WebLogic Server,12.2.1.4.0
CDN,VP2MW375,152.139.104.31,LGVL,LINUX,ORACLE LINUX 6,Oracle WebLogic Server,12.2.1.4.0
CDN,VP1MW065,152.139.102.165,CDLV,LINUX,ORACLE LINUX 6,Oracle WebLogic Server,12.1.3.0.0
CDN,VP2MW065,152.139.104.165,LGVL,LINUX,ORACLE LINUX 6,Oracle WebLogic Server,11.1.1.9.0
CDN,VP1MW312,152.139.166.12,CDLV,LINUX,ORACLE LINUX 6,Oracle WebLogic Server,12.1.3.0.0
CDN,VP1MW313,152.139.166.13,CDLV,LINUX,ORACLE LINUX 6,Oracle WebLogic Server,12.1.3.0.0
CDN,VP1MW314,152.139.166.14,CDLV,LINUX,ORACLE LINUX 6,Oracle WebLogic Server,12.1.3.0.0
CDN,VP1MW336,152.139.166.36,CDLV,LINUX,ORACLE LINUX 6,Oracle WebLogic Server,12.1.3.0.0
CDN,VP1MW337,152.139.166.37,CDLV,LINUX,ORACLE LINUX 6,Oracle WebLogic Server,12.1.3.0.0
CDN,VP1MW338,152.139.166.38,CDLV,LINUX,ORACLE LINUX 6,Oracle WebLogic Server,12.1.3.0.0
CDN,VP2MW342,152.139.167.42,LGVL,LINUX,ORACLE LINUX 6,Oracle WebLogic Server,12.2.1.4.0
CDN,VP2MW343,152.139.167.43,LGVL,LINUX,ORACLE LINUX 6,Oracle WebLogic Server,12.2.1.4.0
CDN,VP2MW344,152.139.167.44,LGVL,LINUX,ORACLE LINUX 6,Oracle WebLogic Server,12.2.1.4.0
CDN,VP1MW342,152.139.166.42,CDLV,LINUX,ORACLE LINUX 6,Oracle WebLogic Server,12.2.1.4.0
CDN,VP1MW343,152.139.166.43,CDLV,LINUX,ORACLE LINUX 6,Oracle WebLogic Server,12.2.1.4.0
CDN,VP1MW344,152.139.166.44,CDLV,LINUX,ORACLE LINUX 6,Oracle WebLogic Server,12.2.1.4.0
CDN,VP1MW066,152.139.102.166,CDLV,LINUX,ORACLE LINUX 6,Oracle WebLogic Server,12.1.3.0.0
CDN,VP1MW067,152.139.102.167,CDLV,LINUX,ORACLE LINUX 6,Oracle WebLogic Server,12.1.3.0.0
CDN,VP1MW068,152.139.102.168,CDLV,LINUX,ORACLE LINUX 6,Oracle WebLogic Server,12.1.3.0.0
CDN,VP1MW084,152.139.102.184,CDLV,LINUX,ORACLE LINUX 6,Oracle WebLogic Server,12.2.1.4.0
CDN,VP2MW066,152.139.104.166,LGVL,LINUX,ORACLE LINUX 6,Oracle WebLogic Server,12.1.3.0.0
CDN,VP2MW067,152.139.104.167,LGVL,LINUX,ORACLE LINUX 6,Oracle WebLogic Server,12.1.3.0.0
CDN,VP2MW068,152.139.104.168,LGVL,LINUX,ORACLE LINUX 6,Oracle WebLogic Server,12.1.3.0.0
CDN,VP2MW084,152.139.104.184,LGVL,LINUX,ORACLE LINUX 6,Oracle WebLogic Server,12.2.1.4.0
CDN,VP1MW045,152.139.102.145,CDLV,LINUX,ORACLE LINUX 6,Oracle WebLogic Server,10.3.6.0
CDN,VP1MW046,152.139.102.146,CDLV,LINUX,ORACLE LINUX 6,Oracle WebLogic Server,10.3.6.0
CDN,VP1MW047,152.139.102.147,CDLV,LINUX,ORACLE LINUX 6,Oracle WebLogic Server,10.3.6.0
CDN,VP1MW048,152.139.102.148,CDLV,LINUX,ORACLE LINUX 6,Oracle HTTP Server,10.3.6.0
CDN,VP1MW049,152.139.102.149,CDLV,LINUX,ORACLE LINUX 6,Oracle HTTP Server,10.3.6.0
CDN,VP1MW372,152.139.102.172,CDLV,LINUX,ORACLE LINUX 6,Oracle HTTP Server,12.1.3.0
CDN,VP1MW373,152.139.102.173,CDLV,LINUX,ORACLE LINUX 6,Oracle HTTP Server,12.1.3.0
CDN,VP1MW059,152.139.102.159,CDLV,LINUX,ORACLE LINUX 6,Oracle WebLogic Server,12.1.3.0.0
CDN,VP1MW060,152.139.102.160,CDLV,LINUX,ORACLE LINUX 6,Oracle WebLogic Server,12.1.3.0.0
CDN,VP1MW061,152.139.102.161,CDLV,LINUX,ORACLE LINUX 6,Oracle WebLogic Server,12.1.3.0.0
CDN,VP1MW243,152.139.102.41,CDLV,LINUX,ORACLE LINUX 6,Oracle WebLogic Server,12.1.3.0.0
CDN,VP1MW244,152.139.102.42,CDLV,LINUX,ORACLE LINUX 6,Oracle WebLogic Server,12.1.3.0.0
CDN,VP1MW245,152.139.102.43,CDLV,LINUX,ORACLE LINUX 6,Oracle WebLogic Server,12.1.3.0.0
CDN,VP1MW335,152.139.166.35,CDLV,LINUX,ORACLE LINUX 6,Oracle WebLogic Server,12.1.3.0.0
CDN,VP1MW309,152.139.166.9,CDLV,LINUX,ORACLE LINUX 6,Oracle WebLogic Server,12.2.1.4.0
CDN,VP1MW310,152.139.166.10,CDLV,LINUX,ORACLE LINUX 6,Oracle WebLogic Server,12.2.1.4.0
CDN,VP1MW311,152.139.166.11,CDLV,LINUX,ORACLE LINUX 6,Oracle WebLogic Server,12.2.1.4.0
CDN,VP1MW223,152.139.102.183,CDLV,LINUX,ORACLE LINUX 6,Oracle WebLogic Server,12.1.3.0.0
CDN,VP2MW223,152.139.104.144,LGVL,LINUX,ORACLE LINUX 6,Oracle WebLogic Server,12.1.3.0.0
CDN,VP1MW224,152.139.102.191,CDLV,LINUX,ORACLE LINUX 6,Oracle WebLogic Server,12.1.3.0.0
CDN,VP1MW225,152.139.102.143,CDLV,LINUX,ORACLE LINUX 6,Oracle WebLogic Server,12.1.3.0.0
CDN,VP1MW226,152.139.102.144,CDLV,LINUX,ORACLE LINUX 6,Oracle WebLogic Server,12.1.3.0.0
CDN,VP1MW075,152.139.102.175,CDLV,LINUX,ORACLE LINUX 6,Oracle WebLogic Server,12.2.1.4.0
CDN,VP1MW076,152.139.102.176,CDLV,LINUX,ORACLE LINUX 6,Oracle WebLogic Server,12.2.1.4.0
CDN,VP1MW077,152.139.102.177,CDLV,LINUX,ORACLE LINUX 6,Oracle WebLogic Server,12.2.1.4.0
CDN,VP2MW075,152.139.104.175,LGVL,LINUX,ORACLE LINUX 6,Oracle WebLogic Server,12.2.1.4.0
CDN,VP2MW076,152.139.104.176,LGVL,LINUX,ORACLE LINUX 6,Oracle WebLogic Server,12.2.1.4.0
CDN,VP2MW077,152.139.104.177,LGVL,LINUX,ORACLE LINUX 6,Oracle WebLogic Server,12.2.1.4.0
CDN,VP1MW062,152.139.102.162,CDLV,LINUX,ORACLE LINUX 6,Oracle WebLogic Server,12.2.1.4.0
CDN,VP1MW063,152.139.102.163,CDLV,LINUX,ORACLE LINUX 6,Oracle WebLogic Server,12.2.1.4.0
CDN,VP1MW064,152.139.102.164,CDLV,LINUX,ORACLE LINUX 6,Oracle WebLogic Server,12.2.1.4.0
CDN,VP2MW062,152.139.104.162,LGVL,LINUX,ORACLE LINUX 6,Oracle WebLogic Server,12.2.1.4.0
CDN,VP2MW063,152.139.104.163,LGVL,LINUX,ORACLE LINUX 6,Oracle WebLogic Server,12.2.1.4.0
CDN,VP2MW064,152.139.104.164,LGVL,LINUX,ORACLE LINUX 6,Oracle WebLogic Server,12.2.1.4.0
COGNOS,U591,152.139.90.114,CDLV,UNIX,AIX 7,Websphere Application Server,
COGNOS,U592,152.139.90.115,CDLV,UNIX,AIX 7,Websphere Application Server,
COGNOS,T591,152.139.49.88,LGVL,UNIX,AIX 7,Websphere Application Server,
COGNOS,T592,152.139.49.94,LGVL,UNIX,AIX 7,Websphere Application Server,
Comex,BCHAPP492,152.139.49.213,CDLV,WINDOWS,MICROSOFT WINDOWS SERVER 2012,IIS,8.0
Comex,BCHAPP493,152.139.49.214,LGVL,WINDOWS,MICROSOFT WINDOWS SERVER 2012,IIS,
CORE BANKING,LLGLDRONPWLSCBFCUBSH01,10.232.16.11,LGVL,LINUX,RED HAT ENTERPRISE LINUX 8,Oracle WebLogic Server,14.1.1.0.0
CORE BANKING,LLGLDRONPWLSCBFCUBSH02,10.232.16.12,LGVL,LINUX,RED HAT ENTERPRISE LINUX 8,Oracle WebLogic Server,14.1.1.0.0
CORE BANKING,LLGLDRONPWLSCBFCUBSH03,10.232.16.13,LGVL,LINUX,RED HAT ENTERPRISE LINUX 8,Oracle WebLogic Server,14.1.1.0.0
CORE BANKING,LLGLDRONPWLSCBFCUBSH04,10.232.16.14,LGVL,LINUX,RED HAT ENTERPRISE LINUX 8,Oracle WebLogic Server,14.1.1.0.0
CORE BANKING,LLGLDRONPWLSCBFCUBSS01,10.232.16.21,LGVL,LINUX,RED HAT ENTERPRISE LINUX 8,Oracle WebLogic Server,14.1.1.0.0
CORE BANKING,LLGLDRONPWLSCBFCUBSS02,10.232.16.22,LGVL,LINUX,RED HAT ENTERPRISE LINUX 8,Oracle WebLogic Server,14.1.1.0.0
CORE BANKING,LLGLDRONPWLSCBFCUBSS03,10.232.16.23,LGVL,LINUX,RED HAT ENTERPRISE LINUX 8,Oracle WebLogic Server,14.1.1.0.0
CORE BANKING,LLGLDRONPWLSCBFCUBSS04,10.232.16.24,LGVL,LINUX,RED HAT ENTERPRISE LINUX 8,Oracle WebLogic Server,14.1.1.0.0
CORE BANKING,LLGLDRONPWLSCBPMH01,10.232.16.41,LGVL,LINUX,RED HAT ENTERPRISE LINUX 8,Oracle WebLogic Server,12.2.1.4.0
CORE BANKING,LLGLDRONPWLSCBPMH02,10.232.16.42,LGVL,LINUX,RED HAT ENTERPRISE LINUX 8,Oracle WebLogic Server,12.2.1.4.0
CORE BANKING,LLGLDRONPWLSCBPMH03,10.232.16.43,LGVL,LINUX,RED HAT ENTERPRISE LINUX 8,Oracle WebLogic Server,12.2.1.4.0
CORE BANKING,LLGLDRONPWLSCBPMH04,10.232.16.44,LGVL,LINUX,RED HAT ENTERPRISE LINUX 8,Oracle WebLogic Server,12.2.1.4.0
CORE BANKING,LLGLDRONPWLSCBPMS01,10.232.16.46,LGVL,LINUX,RED HAT ENTERPRISE LINUX 8,Oracle WebLogic Server,12.2.1.4.0
CORE BANKING,LLGLDRONPWLSCBPMS02,10.232.16.47,LGVL,LINUX,RED HAT ENTERPRISE LINUX 8,Oracle WebLogic Server,12.2.1.4.0
CORE BANKING,LLGLDRONPWLSCBPMS03,10.232.16.48,LGVL,LINUX,RED HAT ENTERPRISE LINUX 8,Oracle WebLogic Server,12.2.1.4.0
CORE BANKING,LLGLDRONPWLSCBPMS04,10.232.16.49,LGVL,LINUX,RED HAT ENTERPRISE LINUX 8,Oracle WebLogic Server,12.2.1.4.0
CORE BANKING,LLGLDRONPWLSCBTFH01,10.232.16.31,LGVL,LINUX,RED HAT ENTERPRISE LINUX 8,Oracle WebLogic Server,12.2.1.4.0
CORE BANKING,LLGLDRONPWLSCBTFH02,10.232.16.32,LGVL,LINUX,RED HAT ENTERPRISE LINUX 8,Oracle WebLogic Server,12.2.1.4.0
CORE BANKING,LLGLDRONPWLSCBTFH03,10.232.16.33,LGVL,LINUX,RED HAT ENTERPRISE LINUX 8,Oracle WebLogic Server,12.2.1.4.0
CORE BANKING,LLGLDRONPWLSCBTFH04,10.232.16.34,LGVL,LINUX,RED HAT ENTERPRISE LINUX 8,Oracle WebLogic Server,12.2.1.4.0
CORE BANKING,LLGLDRONPWLSCBTFS01,10.232.16.36,LGVL,LINUX,RED HAT ENTERPRISE LINUX 8,Oracle WebLogic Server,12.2.1.4.0
CORE BANKING,LLGLDRONPWLSCBTFS02,10.232.16.37,LGVL,LINUX,RED HAT ENTERPRISE LINUX 8,Oracle WebLogic Server,12.2.1.4.0
CORE BANKING,LLGLDRONPWLSCBTFS03,10.232.16.38,LGVL,LINUX,RED HAT ENTERPRISE LINUX 8,Oracle WebLogic Server,12.2.1.4.0
CORE BANKING,LLGLDRONPWLSCBTFS04,10.232.16.39,LGVL,LINUX,RED HAT ENTERPRISE LINUX 8,Oracle WebLogic Server,12.2.1.4.0
Consolidacion,VP1MW001,152.139.102.101,CDLV,LINUX,ORACLE LINUX 6,Oracle WebLogic Server,10.3.6.0
Consolidacion,VP1MW002,152.139.102.102,CDLV,LINUX,ORACLE LINUX 6,Oracle WebLogic Server,10.3.6.0
Consolidacion,VP1MW003,152.139.102.103,CDLV,LINUX,ORACLE LINUX 6,Oracle WebLogic Server,10.3.6.0
Consolidacion,VP1MW004,152.139.102.104,CDLV,LINUX,ORACLE LINUX 6,Oracle WebLogic Server,10.3.6.0
Consolidacion,VP2MW001,152.139.104.101,LGVL,LINUX,ORACLE LINUX 6,Oracle WebLogic Server,10.3.6.0
Consolidacion,VP2MW002,152.139.104.102,LGVL,LINUX,ORACLE LINUX 6,Oracle WebLogic Server,10.3.6.0
Consolidacion,VP2MW003,152.139.104.103,LGVL,LINUX,ORACLE LINUX 6,Oracle WebLogic Server,10.3.6.0
Consolidacion,VP2MW004,152.139.104.104,LGVL,LINUX,ORACLE LINUX 6,Oracle WebLogic Server,10.3.6.0
Consolidacion,VP1MW318,152.139.166.18,CDLV,LINUX,ORACLE LINUX 6,Oracle WebLogic Server,10.3.6.0
Consolidacion,VP1MW319,152.139.166.19,CDLV,LINUX,ORACLE LINUX 6,Oracle WebLogic Server,10.3.6.0
Consolidacion,VP1MW320,152.139.166.20,CDLV,LINUX,ORACLE LINUX 6,Oracle WebLogic Server,10.3.6.0
Consolidacion,VP1MW321,152.139.166.21,CDLV,LINUX,ORACLE LINUX 6,Oracle WebLogic Server,10.3.6.0
Consolidacion,VP2MW318,152.139.167.18,LGVL,LINUX,ORACLE LINUX 6,Oracle WebLogic Server,10.3.6.0
Consolidacion,VP2MW319,152.139.167.19,LGVL,LINUX,ORACLE LINUX 6,Oracle WebLogic Server,10.3.6.0
Consolidacion,VP2MW320,152.139.167.20,LGVL,LINUX,ORACLE LINUX 6,Oracle WebLogic Server,10.3.6.0
Consolidacion,VP2MW321,152.139.167.21,LGVL,LINUX,ORACLE LINUX 6,Oracle WebLogic Server,10.3.6.0
Consolidacion,VP1MW009,152.139.102.109,CDLV,LINUX,ORACLE LINUX 6,Oracle WebLogic Server,10.3.6.0.12.2.1.4(Traza)
Consolidacion,VP1MW037,152.139.102.137,CDLV,LINUX,ORACLE LINUX 6,Oracle WebLogic Server,10.3.6.0.12.2.1.4(Traza)
Consolidacion,VP1MW038,152.139.102.138,CDLV,LINUX,ORACLE LINUX 6,Oracle WebLogic Server,10.3.6.0.12.2.1.4(Traza)
Consolidacion,VP1MW039,152.139.102.139,CDLV,LINUX,ORACLE LINUX 6,Oracle WebLogic Server,10.3.6.0.12.2.1.4(Traza)
Consolidacion,VP1MW040,152.139.102.140,CDLV,LINUX,ORACLE LINUX 6,Oracle WebLogic Server,10.3.6.0.12.2.1.4(Traza)
Consolidacion,VP1MW041,152.139.102.141,CDLV,LINUX,ORACLE LINUX 6,Oracle WebLogic Server,10.3.6.0.12.2.1.4(Traza)
Consolidacion,VP1MW042,152.139.102.142,CDLV,LINUX,ORACLE LINUX 6,Oracle WebLogic Server,10.3.6.0.12.2.1.4(Traza)
Consolidacion,VP2MW037,152.139.104.137,LGVL,LINUX,ORACLE LINUX 6,Oracle WebLogic Server,10.3.6.0.12.2.1.4(Traza)
Consolidacion,VP2MW038,152.139.104.138,LGVL,LINUX,ORACLE LINUX 6,Oracle WebLogic Server,10.3.6.0.12.2.1.4(Traza)
Consolidacion,VP2MW039,152.139.104.139,LGVL,LINUX,ORACLE LINUX 6,Oracle WebLogic Server,10.3.6.0.12.2.1.4(Traza)
Consolidacion,VP2MW040,152.139.104.140,LGVL,LINUX,ORACLE LINUX 6,Oracle WebLogic Server,10.3.6.0.12.2.1.4(Traza)
Consolidacion,VP2MW041,152.139.104.141,LGVL,LINUX,ORACLE LINUX 6,Oracle WebLogic Server,10.3.6.0.12.2.1.4(Traza)
Consolidacion,VP2MW042,152.139.104.142,LGVL,LINUX,ORACLE LINUX 6,Oracle WebLogic Server,10.3.6.0.12.2.1.4(Traza)
Consolidacion,VP2MW009,152.139.104.109,LGVL,LINUX,ORACLE LINUX 6,Oracle WebLogic Server,10.3.6.0.12.2.1.4(Traza)
DataPower,BCHLNX690,152.139.22.14,CDLV,LINUX,LINUX UBUNTU 16,IBM Datapower,7.6
DataPower,BCHLNX693,152.139.22.12,CDLV,LINUX,LINUX UBUNTU 16,IBM Datapower,7.6
DataPower,DMZLNX39,10.20.31.208,CDLV,LINUX,LINUX UBUNTU 16,IBM Datapower,7.6
DataPower,DMZLNX40,10.20.31.54,LGVL,LINUX,LINUX UBUNTU 16,IBM Datapower,7.6
ERP,A004,152.139.22.83,CDLV,HPUX,HP-UX B.11,Oracle E-Business Suite,11.5.9
ERP,A005,152.139.22.85,CDLV,HPUX,HP-UX B.11,SRM,
FILENET,T519,152.139.48.132,LGVL,AIX,AIX 7,Websphere Application Server,8.5.0.2
FILENET,T520,152.139.48.133,LGVL,AIX,AIX 7,Websphere Application Server,8.5.0.2
FILENET,T521,152.139.48.134,LGVL,AIX,AIX 7,Websphere Application Server,8.5.0.2
FILENET,T522,152.139.48.135,LGVL,AIX,AIX 7,Websphere Application Server,8.5.0.2
FILENET,T523,152.139.48.136,LGVL,AIX,AIX 7,IBM HTTP Server,8.5.0.2
FILENET,T524,152.139.48.137,LGVL,AIX,AIX 7,IBM HTTP Server,8.5.0.2
FILENET,U511,152.139.48.118,CDLV,AIX,AIX 7,Websphere Application Server,8.5.0.2
FILENET,U512,152.139.48.119,CDLV,AIX,AIX 7,Websphere Application Server,8.5.0.2
FILENET,U513,152.139.48.120,CDLV,AIX,AIX 7,Websphere Application Server,8.5.0.2
FILENET,U514,152.139.48.121,CDLV,AIX,AIX 7,Websphere Application Server,8.5.0.2
FILENET,U515,152.139.48.122,CDLV,AIX,AIX 7,IBM HTTP Server,8.5.0.2
FILENET,U516,152.139.48.123,CDLV,AIX,AIX 7,IBM HTTP Server,8.5.0.2
FILENET,U517,152.139.48.124,CDLV,AIX,AIX 7,Websphere Application Server,8.5.0.2
FILENET,U666,152.139.48.229 ,CDLV,UNIX,AIX 7,IBM HTTP Server,
FILENET,U667,152.139.48.254,CDLV,UNIX,AIX 7,IBM HTTP Server,
FLEX WAS,A056,152.139.23.107,CDLV,HPUX,HP-UX B.11,Websphere Application Server,5.1.1.19
FLEX WAS,A059,152.139.2.228,CDLV,HPUX,HP-UX B.11,Websphere Application Server,5.1.1.19
FLEX WAS,A141,152.139.2.9,LGVL,HPUX,HP-UX B.11,Websphere Application Server,5.1.1.19
FLEXCUBE,A010,152.139.22.28  ,CDLV,HPUX,HP-UX B.31,Oracle IAS,1.0.2.2.2
FLEXCUBE,A028,152.139.2.88,LGVL,HPUX,HP-UX B.11,Oracle IAS,1.0.2.2.2
FLEXCUBE,A055,152.139.23.106,CDLV,HPUX,HP-UX B.11,Oracle IAS,1.0.2.2.2
HUB Contable,BCHLNX181,152.139.22.39,CDLV,LINUX,RED HAT ENTERPRISE LINUX 7,Oracle Weblogic Server,12.1.3.0.0
HUB Contable,BCHLNX182,152.139.22.44,CDLV,LINUX,RED HAT ENTERPRISE LINUX 7,Oracle Weblogic Server,12.1.3.0.0
HUB Contable,BCHLNX183,152.139.22.50,CDLV,LINUX,RED HAT ENTERPRISE LINUX 7,Oracle Weblogic Server,12.2.1.2.0
ICS,U254,152.139.22.132,CDLV,AIX,AIX 5,WebSphere MQ Server,5.3
IDG,BCHLNX449,152.139.82.123,CDLV,LINUX,RED HAT ENTERPRISE LINUX 7,IDG,12
IDG,BCHLNX450,10.242.200.141,CDLV,LINUX,RED HAT ENTERPRISE LINUX 7,IDG,12
IDG,BCHLNX451,10.232.200.142,LGVL,LINUX,RED HAT ENTERPRISE LINUX 7,IDG,12
IDG,BCHLNX452,10.232.200.143,LGVL,LINUX,RED HAT ENTERPRISE LINUX 7,IDG,12
IDG,BCHLNX878,152.139.82.121,CDLV,LINUX,RED HAT ENTERPRISE LINUX 7,IDG,12
IDG,BCHLNX879,152.139.82.122,CDLV,LINUX,RED HAT ENTERPRISE LINUX 7,IDG,12
IDG,BCHLNX880,152.139.84.41,LGVL,LINUX,RED HAT ENTERPRISE LINUX 7,IDG,12
IDG,BCHLNX881,152.139.84.42,LGVL,LINUX,RED HAT ENTERPRISE LINUX 7,IDG,12
TELETON,BCHLNX164,152.139.84.240,LGVL,LINUX,ORACLE LINUX 6,Oracle Weblogic Server,12.2.1.2.0
TELETON,BCHLNX163,152.139.82.158,CDLV,LINUX,ORACLE LINUX 6,Oracle WebLogic Server,12.2.1.2.0
Interact,U580,152.139.90.89,CDLV,AIX,AIX 7,Websphere Application Server,8.5.5.4
Interact,U581,152.139.90.90,CDLV,AIX,AIX 7,IBM Campaign Analytic Server,Pendiente
Interact,U584,152.139.90.93,CDLV,AIX,AIX 7,Websphere Application Server,8.5.5.4
Interact,U585,152.139.90.94,CDLV,AIX,AIX 7,Websphere Application Server,8.5.5.4
Interact,U625,152.139.49.80,CDLV,AIX,AIX 7,Websphere Application Server,8.5.5
Interact,U626,152.139.49.83,CDLV,AIX,AIX 7,Websphere Application Server,8.5.5
Iplanet,S316,10.20.31.242,CDLV,SOLARIS,SOLARIS SUNOS 5.8,Iplanet,6.1
Iplanet,S314,10.20.31.111,LGVL,SOLARIS,SOLARIS SUNOS 5.11,Iplanet,6.1
Iplanet,S315,10.20.31.119,LGVL,SOLARIS,SOLARIS SUNOS 5.11,Iplanet,6.1
Iplanet,S325,10.20.31.254. 200.14.133.158,CDLV,SOLARIS,SOLARIS SUNOS 5.8,Iplanet,6.1
Iplanet,S326,10.20.31.185. 200.14.133.85,CDLV,SOLARIS,SOLARIS SUNOS 5.8,Iplanet,6.1
Leasing,BCHAPP489,152.139.23.19,CDLV,WINDOWS,MICROSOFT WINDOWS SERVER 2012,IIS,
Leasing,BCHAPP490,152.139.49.208,LGVL,WINDOWS,MICROSOFT WINDOWS SERVER 2012,IIS,
SRM,INT1,152.139.3.73,CDLV,SOLARIS,SOLARIS SUNOS 5.5.1,SRM,N/A
SRM,U068,pendiente,CDLV,UNIX,AIX 7.1,SRM,
SRM,U082,pendiente,CDLV,UNIX,AIX 7.1,SRM,
SRM,T123,152.139.4.74,LGVL,UNIX,AIX 7,SRM,
SRM,T184,152.139.2.72,LGVL,UNIX,AIX 6,SRM,
MDM,VP1MW229,152.139.102.4,CDLV,LINUX,ORACLE LINUX 6,Oracle HTTP Server,12.1.2.0
MDM,VP1MW230,152.139.102.5,CDLV,LINUX,ORACLE LINUX 6,Oracle HTTP Server,12.1.2.0
MDM,VP1MW231,152.139.102.6,CDLV,LINUX,ORACLE LINUX 6,MDM,16Patchset13
MDM,VP1MW232,152.139.102.7,CDLV,LINUX,ORACLE LINUX 6,MDM,16Patchset13
MDM,VP1MW233,152.139.102.121,CDLV,LINUX,ORACLE LINUX 6,MDM,16Patchset13
MDM,VP1MW234,152.139.102.48,CDLV,LINUX,ORACLE LINUX 6,MDM,16Patchset13
MDM,VP1MW235,152.139.102.49,CDLV,LINUX,ORACLE LINUX 6,MDM,16Patchset13
MDM,VP1MW237,152.139.102.51,CDLV,LINUX,ORACLE LINUX 6,MDM,12.2.1.2.0
MDM,VP1MW339,152.139.166.39,CDLV,LINUX,ORACLE LINUX 6,Oracle HTTP Server,12.1.2.0
MDM,VP1MW340,152.139.166.40,CDLV,LINUX,ORACLE LINUX 6,Oracle HTTP Server,12.1.2.0
MDM,VP2MW339,152.139.167.39,LGVL,LINUX,ORACLE LINUX 6,Oracle HTTP Server,12.1.2.0
MDM,VP2MW340,152.139.167.40,LGVL,LINUX,ORACLE LINUX 6,Oracle HTTP Server,12.1.2.0
MDM,VP2MW231,152.139.104.10,LGVL,LINUX,ORACLE LINUX 6,MDM,16Patchset13
MDM,VP2MW232,152.139.104.11,LGVL,LINUX,ORACLE LINUX 6,MDM,16Patchset13
MDM,VP2MW233,152.139.104.23,LGVL,LINUX,ORACLE LINUX 6,MDM,16Patchset13
MDM,VP2MW234,152.139.104.38,LGVL,LINUX,ORACLE LINUX 6,MDM,16Patchset13
MDM,VP2MW345,152.139.167.45,LGVL,LINUX,ORACLE LINUX 6,MDM,N/A
MDM,VP2MW346,152.139.167.46,LGVL,LINUX,ORACLE LINUX 6,MDM,N/A
MDM,VP2MW347,152.139.167.47,LGVL,LINUX,ORACLE LINUX 6,MDM,N/A
MDM,VP2MW348,152.139.167.48,LGVL,LINUX,ORACLE LINUX 6,MDM,N/A
MDM,VP2MW235,152.139.104.39,LGVL,LINUX,ORACLE LINUX 6,MDM,16Patchset13
MDM,VP2MW237,152.139.104.41,LGVL,LINUX,ORACLE LINUX 6,MDM,12.2.1.2.0
MDM,VP1MW345,152.139.166.45,CDLV,LINUX,ORACLE LINUX 6,MDM,N/A
MDM,VP1MW346,152.139.166.46,CDLV,LINUX,ORACLE LINUX 6,MDM,N/A
MDM,VP1MW347,152.139.166.47,CDLV,LINUX,ORACLE LINUX 6,MDM,N/A
MDM,VP1MW348,152.139.166.48,CDLV,LINUX,ORACLE LINUX 6,MDM,N/A
MDM,VP2MW229,152.139.104.6,LGVL,LINUX,ORACLE LINUX 6,Oracle HTTP Server,12.1.2.0
MDM,VP2MW230,152.139.104.7,LGVL,LINUX,ORACLE LINUX 6,Oracle HTTP Server,12.1.2.0
MOL,VP1MW239,152.139.102.45,CDLV,LINUX,ORACLE LINUX 6,Oracle Weblogic Server,12.2.1.4.0
MOL,VP1MW240,152.139.102.46,CDLV,LINUX,ORACLE LINUX 6,Oracle Weblogic Server,12.2.1.4.0
MOL,VP1MW241,152.139.102.47,CDLV,LINUX,ORACLE LINUX 6,Oracle Weblogic Server,12.2.1.4.0
MOL,VP1MW242,152.139.102.38,CDLV,LINUX,ORACLE LINUX 6,Oracle Weblogic Server,12.2.1.4.0
MOL,VP2MW239,152.139.104.45,LGVL,LINUX,ORACLE LINUX 6,Oracle Weblogic Server,12.2.1.4.0
MOL,VP2MW240,152.139.104.46,LGVL,LINUX,ORACLE LINUX 6,Oracle Weblogic Server,12.2.1.4.0
MOL,VP2MW241,152.139.104.48,LGVL,LINUX,ORACLE LINUX 6,Oracle Weblogic Server,12.2.1.4.0
MOL,VP2MW242,152.139.104.49,LGVL,LINUX,ORACLE LINUX 6,Oracle Weblogic Server,12.2.1.4.0
MOL,VP2MW364,152.139.104.156,LGVL,LINUX,ORACLE LINUX 6,Oracle Weblogic Server,12.2.1.4.0
MOL,VP2MW365,152.139.104.157,LGVL,LINUX,ORACLE LINUX 6,Oracle Weblogic Server,12.2.1.4.0
MOL,VP2MW366,152.139.104.158,LGVL,LINUX,ORACLE LINUX 6,Oracle Weblogic Server,12.2.1.4.0
MOL,VP1MW364,152.139.102.169,CDLV,LINUX,ORACLE LINUX 6,Oracle Weblogic Server,12.2.1.4.0
MOL,VP1MW365,152.139.102.170,CDLV,LINUX,ORACLE LINUX 6,Oracle Weblogic Server,12.2.1.4.0
MOL,VP1MW366,152.139.102.171,CDLV,LINUX,ORACLE LINUX 6,Oracle Weblogic Server,12.2.1.4.0
MDP Pensiones,BCHLNX480,152.139.69.208,CDLV,LINUX,RED HAT ENTERPRISE LINUX 6,Oracle Weblogic Server,10.3.6.0
MDP Pensiones,BCHLNX482,152.139.180.182,CDLV,LINUX,RED HAT ENTERPRISE LINUX 6,Oracle Weblogic Server,10.3.6.0
MDP Pensiones,BCHLNX483,152.139.69.218,CDLV,LINUX,RED HAT ENTERPRISE LINUX 6,Oracle Weblogic Server,10.3.6.0
MDP Pensiones,BCHLNX481,152.139.69.217,LGVL,LINUX,RED HAT ENTERPRISE LINUX 6,Oracle Weblogic Server,10.3.6.0
MDP Pensiones,BCHLNX484,152.139.69.220,LGVL,LINUX,RED HAT ENTERPRISE LINUX 6,Oracle Weblogic Server,10.3.6.0
MDP Pensiones,BCHLNX485,152.139.186.144,LGVL,LINUX,RED HAT ENTERPRISE LINUX 6,Oracle Weblogic Server,10.3.6.0
MDP,BCHLNX445,10.232.200.133,LGVL,LINUX,RED HAT ENTERPRISE LINUX 6,Oracle Weblogic Server,10.3.6.0
MDP,BCHLNX446,10.232.200.134,LGVL,LINUX,RED HAT ENTERPRISE LINUX 6,Oracle Weblogic Server,10.3.6.0
MDP,BCHLNX83,152.139.85.45,LGVL,LINUX,RED HAT ENTERPRISE LINUX 6,Oracle Weblogic Server,10.3.6.0
MDP,BCHLNX84,152.139.85.34,LGVL,LINUX,RED HAT ENTERPRISE LINUX 6,Oracle Weblogic Server,10.3.6.0
MDP,BCHLNX79,152.139.83.237,CDLV,LINUX,RED HAT ENTERPRISE LINUX 6,Oracle WebLogic Server,10.3.6.0
MDP,BCHLNX78,152.139.83.229,CDLV,LINUX,RED HAT ENTERPRISE LINUX 6,Oracle WebLogic Server,10.3.6.0
MDP,BCHLNX80,152.139.85.41,LGVL,LINUX,RED HAT ENTERPRISE LINUX 6,Oracle Weblogic Server,10.3.6.0
MDP,BCHLNX81,152.139.85.42,LGVL,LINUX,RED HAT ENTERPRISE LINUX 6,Oracle Weblogic Server,10.3.6.0
MDP,BCHLNX82,152.139.85.44,LGVL,LINUX,RED HAT ENTERPRISE LINUX 6,Oracle Weblogic Server,10.3.6.0
MDP,BCHLNX75,152.139.83.226,CDLV,LINUX,RED HAT ENTERPRISE LINUX 6,Oracle WebLogic Server,10.3.6.0
MDP,BCHLNX76,152.139.83.227,CDLV,LINUX,RED HAT ENTERPRISE LINUX 6,Oracle WebLogic Server,10.3.6.0
MDP,BCHLNX77,152.139.83.228,CDLV,LINUX,RED HAT ENTERPRISE LINUX 6,Oracle WebLogic Server,10.3.6.0
MDP,BCHLNX88,152.139.84.97,LGVL,LINUX,RED HAT ENTERPRISE LINUX 6,Oracle Weblogic Server,10.3.5.0
MDP,BCHLNX87,152.139.84.96,LGVL,LINUX,RED HAT ENTERPRISE LINUX 6,Oracle Weblogic Server,10.3.5.0
MDP,BCHLNX85,152.139.83.243,CDLV,LINUX,RED HAT ENTERPRISE LINUX 6,Oracle WebLogic Server,10.3.5.0
MDP,BCHLNX86,152.139.82.100,CDLV,LINUX,RED HAT ENTERPRISE LINUX 6,Oracle WebLogic Server,10.3.5.0
MDP Pensiones,BCHLNX443,10.242.200.133,CDLV,LINUX,RED HAT ENTERPRISE LINUX 6,Oracle Weblogic Server,10.3.6.0
MDP Pensiones,BCHLNX444,10.242.200.134,CDLV,LINUX,RED HAT ENTERPRISE LINUX 6,Oracle Weblogic Server,10.3.6.0
Motor Riesgo,BCHLNX435,152.139.22.230,CDLV,LINUX,RED HAT ENTERPRISE LINUX 7,Apache,
Motor Riesgo,BCHLNX436,152.139.23.224,LGVL,LINUX,RED HAT ENTERPRISE LINUX 7,Apache,
Motor ELU,DMZLNX03,10.20.31.135. 200.14.133.151,CDLV,LINUX,RED HAT ENTERPRISE LINUX 7,Oracle WebLogic Server,12.1.3.0.0
Motor ELU,DMZLNX05,10.20.31.195. 200.14.133.151,CDLV,LINUX,RED HAT ENTERPRISE LINUX 7,Oracle WebLogic Server,12.1.3.0.0
Motor ELU,DMZLNX04,10.20.31.93,LGVL,LINUX,RED HAT ENTERPRISE LINUX 7,Oracle Weblogic Server,12.1.3.0.0
Motor ELU,DMZLNX06,10.20.31.88,LGVL,LINUX,RED HAT ENTERPRISE LINUX 7,Oracle Weblogic Server,12.1.3.0.0
MQ,U194,152.139.23.154,CDLV,AIX,AIX 5,WebSphere MQ Server,6.0
MQ,U196,152.139.23.6,CDLV,AIX,AIX 5,WebSphere MQ Server,6.0
MQ,U629,152.139.22.10,CDLV,UNIX,AIX 7,MQ,
Multiproposito 11,BCHLNX175,152.139.84.120,LGVL,LINUX,RED HAT ENTERPRISE LINUX 7,Oracle Weblogic Server,10.3.6.0
Multiproposito 11,BCHLNX176,152.139.84.121,LGVL,LINUX,RED HAT ENTERPRISE LINUX 7,Oracle Weblogic Server,10.3.6.0
Multiproposito 11,BCHLNX173,152.139.82.220,CDLV,LINUX,RED HAT ENTERPRISE LINUX 7,Oracle WebLogic Server,10.3.6.0
Multiproposito 11,BCHLNX174,152.139.82.222,CDLV,LINUX,RED HAT ENTERPRISE LINUX 7,Oracle WebLogic Server,10.3.6.0
Multiproposito 12,VP1MW120,152.139.102.62,CDLV,LINUX,ORACLE LINUX 6,Oracle WebLogic Server,12.2.1.2.0
Multiproposito 12,VP1MW121,152.139.102.63,CDLV,LINUX,ORACLE LINUX 6,Oracle WebLogic Server,12.2.1.2.0
Multiproposito 12,VP1MW122,152.139.102.64,CDLV,LINUX,ORACLE LINUX 6,Oracle WebLogic Server,12.2.1.2.0
Multiproposito 12,VP1MW123,152.139.102.65,CDLV,LINUX,ORACLE LINUX 6,Oracle WebLogic Server,12.2.1.2.0
Multiproposito 12,VP1MW124,152.139.102.66,CDLV,LINUX,ORACLE LINUX 6,Oracle WebLogic Server,12.2.1.2.0
Multiproposito 12,VP1MW125,152.139.102.67,CDLV,LINUX,ORACLE LINUX 6,Oracle WebLogic Server,12.2.1.2.0
Multiproposito 12,VP1MW126,152.139.102.68,CDLV,LINUX,ORACLE LINUX 6,Oracle WebLogic Server,12.2.1.2.0
Multiproposito 12,VP1MW331,152.139.166.31,CDLV,LINUX,ORACLE LINUX 6,Oracle WebLogic Server,12.2.1.2.0
Multiproposito 12,VP1MW332,152.139.166.32,CDLV,LINUX,ORACLE LINUX 6,Oracle WebLogic Server,12.2.1.2.0
Multiproposito 12,VP2MW120,152.139.104.62,LGVL,LINUX,ORACLE LINUX 6,Oracle WebLogic Server,12.2.1.2.0
Multiproposito 12,VP2MW121,152.139.104.63,LGVL,LINUX,ORACLE LINUX 6,Oracle WebLogic Server,12.2.1.2.0
Multiproposito 12,VP2MW122,152.139.104.64,LGVL,LINUX,ORACLE LINUX 6,Oracle WebLogic Server,12.2.1.2.0
Multiproposito 12,VP2MW123,152.139.104.65,LGVL,LINUX,ORACLE LINUX 6,Oracle WebLogic Server,12.2.1.2.0
Multiproposito 12,VP2MW124,152.139.104.66,LGVL,LINUX,ORACLE LINUX 6,Oracle WebLogic Server,12.2.1.2.0
Multiproposito 12,VP2MW125,152.139.104.67,LGVL,LINUX,ORACLE LINUX 6,Oracle WebLogic Server,12.2.1.2.0
Multiproposito 12,VP2MW126,152.139.104.68,LGVL,LINUX,ORACLE LINUX 6,Oracle WebLogic Server,12.2.1.2.0
Multiproposito 12,VP2MW331,152.139.167.31,LGVL,LINUX,ORACLE LINUX 6,Oracle WebLogic Server,12.2.1.2.0
Multiproposito 12,VP2MW332,152.139.167.32,LGVL,LINUX,ORACLE LINUX 6,Oracle WebLogic Server,12.2.1.2.0
Multiproposito Antigua,BCHLNX56,152.139.84.114,LGVL,LINUX,RED HAT ENTERPRISE LINUX 5,Oracle Weblogic Server,10.3.4.0
Multiproposito Antigua,BCHLNX55,152.139.83.111,CDLV,LINUX,RED HAT ENTERPRISE LINUX 5,Oracle WebLogic Server,10.3.4.0
Multi Switch,BCHLNX845,152.139.180.210,CDLV,LINUX,RED HAT ENTERPRISE LINUX 7,Oracle WebLogic Server,10.3.6.0
Multi Switch,BCHLNX846,152.139.180.211,CDLV,LINUX,RED HAT ENTERPRISE LINUX 7,Oracle WebLogic Server,10.3.6.0
Multi Switch,BCHLNX847,152.139.186.129,LGVL,LINUX,RED HAT ENTERPRISE LINUX 7,Oracle WebLogic Server,10.3.6.0
Multi Switch,BCHLNX848,152.139.186.130,LGVL,LINUX,RED HAT ENTERPRISE LINUX 7,Oracle WebLogic Server,10.3.6.0
Nueva Internet,EL07CN01,152.139.25.8,CDLV,LINUX,ORACLE LINUX 6,Oracle WebLogic Server,12.2.1.4.0
Nueva Internet,EL07CN02,152.139.25.9,CDLV,LINUX,ORACLE LINUX 6,Oracle WebLogic Server,12.2.1.4.0
Nueva Internet,EL07CN03,152.139.25.10,CDLV,LINUX,ORACLE LINUX 6,Oracle WebLogic Server,12.2.1.4.0
Nueva Internet,EL07CN04,152.139.25.11,CDLV,LINUX,ORACLE LINUX 6,Oracle WebLogic Server,12.2.1.4.0
Nueva Innovacion,EL07CN05,152.139.25.12,CDLV,LINUX,ORACLE LINUX 6,Oracle WebLogic Server,12.2.1.4.0
Nueva Innovacion,EL07CN06,152.139.25.13,CDLV,LINUX,ORACLE LINUX 6,Oracle WebLogic Server,12.2.1.4.0
Nueva Innovacion,EL07CN07,152.139.25.14,CDLV,LINUX,ORACLE LINUX 6,Oracle WebLogic Server,12.2.1.4.0
Nueva Innovacion,EL07CN08,152.139.25.15,CDLV,LINUX,ORACLE LINUX 6,Oracle WebLogic Server,12.2.1.4.0
Nueva Internet,EL08CN01,152.139.25.16,LGVL,LINUX,ORACLE LINUX 6,Oracle WebLogic Server,12.1.3.0.0
Nueva Internet,EL08CN02,152.139.25.17,LGVL,LINUX,ORACLE LINUX 6,Oracle WebLogic Server,12.2.1.4.0
Nueva Internet,EL08CN03,152.139.25.18,LGVL,LINUX,ORACLE LINUX 6,Oracle WebLogic Server,12.2.1.4.0
Nueva Internet,EL08CN04,152.139.25.19,LGVL,LINUX,ORACLE LINUX 6,Oracle WebLogic Server,12.2.1.4.0
Nueva Innovacion,EL08CN05,152.139.25.20,LGVL,LINUX,ORACLE LINUX 6,Oracle WebLogic Server,12.2.1.4.0
Nueva Innovacion,EL08CN06,152.139.25.21,LGVL,LINUX,ORACLE LINUX 6,Oracle WebLogic Server,12.2.1.4.0
Nueva Innovacion,EL08CN07,152.139.25.22,LGVL,LINUX,ORACLE LINUX 6,Oracle WebLogic Server,12.2.1.4.0
Nueva Innovacion,EL08CN08,152.139.25.23,LGVL,LINUX,ORACLE LINUX 6,Oracle WebLogic Server,12.2.1.4.0
Nueva Internet,DMZLNX09,10.20.31.202,CDLV,LINUX,ORACLE LINUX 6,Oracle HTTP Server,12.1.2.0.0
Nueva Internet,DMZLNX10,10.20.31.204,CDLV,LINUX,ORACLE LINUX 6,Oracle HTTP Server,12.1.2.0.0
Nueva Internet,DMZLNX35,10.20.31.133,CDLV,LINUX,RED HAT ENTERPRISE LINUX 6,Oracle HTTP Server,12.1.2.0.0
Nueva Internet,DMZLNX36,10.20.31.134,CDLV,LINUX,ORACLE LINUX 6,Oracle HTTP Server,12.1.2.0.0
Nueva Internet,DMZLNX11,10.20.31.20,LGVL,LINUX,ORACLE LINUX 6,Oracle HTTP Server,12.1.2.0.0
Nueva Internet,DMZLNX12,10.20.31.21,LGVL,LINUX,ORACLE LINUX 6,Oracle HTTP Server,12.1.2.0.0
Nueva Internet,DMZLNX37,10.20.31.7,LGVL,LINUX,RED HAT ENTERPRISE LINUX 6,Oracle HTTP Server,12.1.2.0.0
Nueva Internet,DMZLNX38,10.20.31.8,LGVL,LINUX,RED HAT ENTERPRISE LINUX 6,Oracle HTTP Server,12.1.2.0.0
Alto Valor,BCHLNX826,10.242.204.11,CDLV,LINUX,RED HAT ENTERPRISE LINUX 7,Oracle WebLogic Server,12.2.1.3.0
Alto Valor,BCHLNX827,10.242.204.12,CDLV,LINUX,RED HAT ENTERPRISE LINUX 7,Oracle WebLogic Server,12.2.1.3.0
Alto Valor,BCHLNX828,10.242.204.13,CDLV,LINUX,RED HAT ENTERPRISE LINUX 7,Oracle WebLogic Server,12.2.1.3.0
Alto Valor,BCHLNX829,10.242.204.14,CDLV,LINUX,RED HAT ENTERPRISE LINUX 7,Oracle WebLogic Server,12.2.1.3.0
Alto Valor,BCHLNX832,10.232.204.11,LGVL,LINUX,RED HAT ENTERPRISE LINUX 7,Oracle WebLogic Server,12.2.1.3.0
Alto Valor,BCHLNX833,10.232.204.12,LGVL,LINUX,RED HAT ENTERPRISE LINUX 7,Oracle WebLogic Server,12.2.1.3.0
Alto Valor,BCHLNX834,10.232.204.13,LGVL,LINUX,RED HAT ENTERPRISE LINUX 7,Oracle WebLogic Server,12.2.1.3.0
Alto Valor,BCHLNX835,10.232.204.14,LGVL,LINUX,RED HAT ENTERPRISE LINUX 7,Oracle WebLogic Server,12.2.1.3.0
Datapower,BCHLNX1005,10.40.166.4,CDLV,LINUX,LINUX RECORTADO,IBM Datapower,
Datapower,BCHLNX1006,10.40.166.5,CDLV,LINUX,LINUX RECORTADO,IBM Datapower,
Datapower,BCHLNX1007,10.40.166.6,CDLV,LINUX,LINUX RECORTADO,IBM Datapower,
Datapower,BCHLNX1008,10.40.46.4,LGVL,LINUX,LINUX RECORTADO,IBM Datapower,
Datapower,BCHLNX1009,10.40.46.5,LGVL,LINUX,LINUX RECORTADO,IBM Datapower,
Datapower,BCHLNX1010,10.40.46.6,LGVL,LINUX,LINUX RECORTADO,IBM Datapower,
Multicanal,VP2MW369,152.139.167.91,LGVL,LINUX,ORACLE LINUX 6,OAM,12.2.1.4.0
Multicanal,VP2MW370,152.139.167.92,LGVL,LINUX,ORACLE LINUX 6,OAM,12.2.1.4.0
Multicanal,VP2MW371,152.139.167.97,LGVL,LINUX,ORACLE LINUX 6,OAM,12.2.1.4.0
Multicanal,VP1MW369,152.139.166.82,CDLV,LINUX,ORACLE LINUX 6,OAM,12.2.1.4.0
Multicanal,VP1MW370,152.139.166.80,CDLV,LINUX,ORACLE LINUX 6,OAM,12.2.1.4.0
Multicanal,VP1MW371,152.139.166.86,CDLV,LINUX,ORACLE LINUX 6,OAM,12.2.1.4.0
TELETON,BCHLNX291,152.139.49.6,CDLV,LINUX,RED HAT ENTERPRISE LINUX 6,Oracle Weblogic Server,10.3.6.0
TELETON,BCHLNX180,152.139.22.37,CDLV,LINUX,RED HAT ENTERPRISE LINUX 6,Oracle Weblogic Server,10.3.6.0
TELETON,BCHLNX179,152.139.22.36,CDLV,LINUX,RED HAT ENTERPRISE LINUX 6,Oracle Weblogic Server,10.3.6.0
TELETON,BCHLNX292,152.139.49.7,LGVL,LINUX,RED HAT ENTERPRISE LINUX 6,Oracle Weblogic Server,10.3.6.0
TELETON,BCHLNX194,152.139.48.103,LGVL,LINUX,RED HAT ENTERPRISE LINUX 6,Oracle Weblogic Server,10.3.6.0
TELETON,BCHLNX195,152.139.48.104,LGVL,LINUX,RED HAT ENTERPRISE LINUX 6,Oracle Weblogic Server,10.3.6.0
OHS Externos,DMZLNX19,10.20.31.207,CDLV,LINUX,RED HAT ENTERPRISE LINUX 6,Oracle HTTP Server,12.1.3.0.0
OHS Externos,DMZLNX18,10.20.31.193,CDLV,LINUX,RED HAT ENTERPRISE LINUX 6,Oracle HTTP Server,
OHS Externos,DMZLNX20,10.20.31.3,LGVL,LINUX,RED HAT ENTERPRISE LINUX 6,Oracle HTTP Server,12.1.3.0.0
OHS Externos,DMZLNX21,10.20.31.78,LGVL,LINUX,RED HAT ENTERPRISE LINUX 6,Oracle HTTP Server,12.1.3.0.0
Multicanal,VP1MW322,152.139.166.22,CDLV,LINUX,ORACLE LINUX 6,Oracle HTTP Server,12.1.3.0.0
Multicanal,VP1MW323,152.139.166.23,CDLV,LINUX,ORACLE LINUX 6,Oracle HTTP Server,12.1.3.0.0
Multicanal,VP2MW322,152.139.167.22,LGVL,LINUX,ORACLE LINUX 6,Oracle HTTP Server,12.1.3.0.0
Multicanal,VP2MW323,152.139.167.23,LGVL,LINUX,ORACLE LINUX 6,Oracle HTTP Server,12.1.3.0.0
TELETON,DMZLNX30,10.20.31.142,CDLV,LINUX,ORACLE LINUX 6,Oracle HTTP Server,12.2.1.2
TELETON,DMZLNX31,10.20.31.143,CDLV,LINUX,ORACLE LINUX 6,Oracle HTTP Server,12.2.1.2
TELETON,DMZLNX32,10.20.31.30 // 200.14.130.30,LGVL,LINUX,ORACLE LINUX 6,Oracle HTTP Server,12.2.1.4
TELETON,DMZLNX33,10.20.31.31  // 200.14.130.35,LGVL,LINUX,ORACLE LINUX 6,Oracle HTTP Server,12.2.1.5
Multicanal,VP2MW367,152.139.167.203,LGVL,LINUX,ORACLE LINUX 6,Oracle HTTP Server,12.2.1.4.0
Multicanal,VP2MW368,152.139.167.94,LGVL,LINUX,ORACLE LINUX 6,Oracle HTTP Server,12.2.1.4.0
Multicanal,VP1MW367,152.139.166.34,CDLV,LINUX,ORACLE LINUX 6,Oracle HTTP Server,12.2.1.4.0
Multicanal,VP1MW368,152.139.166.81,CDLV,LINUX,ORACLE LINUX 6,Oracle HTTP Server,12.2.1.4.0
OnDemand,T384,152.139.69.60,LGVL,AIX,AIX 5,Ondemand,N/A
OnDemand,U384,152.139.84.250,CDLV,AIX,AIX 5,Ondemand,N/A
OPENPAGES,U531,152.139.49.241,CDLV,AIX,AIX 7,Websphere Application Server,8.5.0.2
OPENPAGES,U532,152.139.49.242,CDLV,AIX,AIX 7,Websphere Application Server,8.5.0.2
PAC,BCHLNX892,152.139.180.171,CDLV,LINUX,RED HAT ENTERPRISE LINUX 7,Oracle Weblogic Server,12.2.1.4.0
PAC,BCHLNX893,152.139.180.172,CDLV,LINUX,RED HAT ENTERPRISE LINUX 7,Oracle Weblogic Server,12.2.1.4.0
PAC,BCHLNX894,152.139.180.173,CDLV,LINUX,RED HAT ENTERPRISE LINUX 7,Oracle Weblogic Server,12.2.1.4.0
PAC,BCHLNX895,152.139.180.174,CDLV,LINUX,RED HAT ENTERPRISE LINUX 7,Oracle Weblogic Server,12.2.1.4.0
PAC,BCHLNX902,152.139.180.166,CDLV,LINUX,RED HAT ENTERPRISE LINUX 7,Oracle Weblogic Server,12.2.1.4.0
PAC,BCHLNX903,152.139.180.167,CDLV,LINUX,RED HAT ENTERPRISE LINUX 7,Oracle Weblogic Server,12.2.1.4.0
PAC,BCHLNX896,152.139.186.171,LGVL,LINUX,RED HAT ENTERPRISE LINUX 7,Oracle Weblogic Server,12.2.1.4.0
PAC,BCHLNX897,152.139.186.172,LGVL,LINUX,RED HAT ENTERPRISE LINUX 7,Oracle Weblogic Server,12.2.1.4.0
PAC,BCHLNX898,152.139.186.173,LGVL,LINUX,RED HAT ENTERPRISE LINUX 7,Oracle Weblogic Server,12.2.1.4.0
PAC,BCHLNX899,152.139.186.174,LGVL,LINUX,RED HAT ENTERPRISE LINUX 7,Oracle Weblogic Server,12.2.1.4.0
PAC,BCHLNX904,152.139.186.166,LGVL,LINUX,RED HAT ENTERPRISE LINUX 7,Oracle Weblogic Server,12.2.1.4.0
PAC,BCHLNX905,152.139.186.167,LGVL,LINUX,RED HAT ENTERPRISE LINUX 7,Oracle Weblogic Server,12.2.1.4.0
PROMOCIONES,DMZEXS1,10.20.31.59. 200.14.130.132,CDLV,WINDOWS,MICROSOFT WINDOWS SERVER 2012,IIS,6.0
PROMOCIONES,DMZEXS8,200.14.133.111,LGVL,WINDOWS,MICROSOFT WINDOWS SERVER 2016,IIS,6.0
REALAIS,BCHAPP117,152.139.24.155,CDLV,WINDOWS,MICROSOFT WINDOWS SERVER 2016,IIS,
REALAIS,BCHAPP115,152.139.3.0,LGVL,WINDOWS,MICROSOFT WINDOWS SERVER 2016,IIS,
SAFA,BCHAPP863,152.139.180.188,CDLV,WINDOWS,MICROSOFT WINDOWS SERVER 2016,SAFA,3.10.9
SAFA,BCHAPP864,152.139.186.145,LGVL,WINDOWS,MICROSOFT WINDOWS SERVER 2016,SAFA,3.10.9
SAO,BCHLNX228,152.139.49.167,CDLV,LINUX,RED HAT ENTERPRISE LINUX 7,Oracle WebLogic Server,12.1.3.0.0
SAO,BCHLNX402,152.139.48.218,CDLV,LINUX,RED HAT ENTERPRISE LINUX 7,Oracle Weblogic Server,12.1.3.0.0
SAO,BCHLNX403,152.139.48.183,CDLV,LINUX,RED HAT ENTERPRISE LINUX 7,Oracle Weblogic Server,12.1.3.0.0
SAO,BCHLNX251,152.139.48.30,LGVL,LINUX,RED HAT ENTERPRISE LINUX 7,Oracle Weblogic Server,12.1.3.0.0
SAO,BCHLNX404,152.139.49.161,LGVL,LINUX,RED HAT ENTERPRISE LINUX 7,Oracle Weblogic Server,12.1.3.0.0
SAO,BCHLNX405,152.139.49.233,LGVL,LINUX,RED HAT ENTERPRISE LINUX 7,Oracle Weblogic Server,12.1.3.0.0
SEFE,BCHAPP277,152.139.83.108,LGVL,WINDOWS,MICROSOFT WINDOWS SERVER 2008,Oracle Weblogic Server,10.3.4.0
SEFE,BCHAPP214,152.139.84.207,CDLV,WINDOWS,MICROSOFT WINDOWS SERVER 2008,Oracle WebLogic Server,10.3.4.0
Siebel Financial(Admin Banco),A106,152.139.22.242,CDLV,HPUX,HP-UX B.11,Siebel,7.7.2.12
Siebel Financial(Admin Banco),A212,152.139.22.171,CDLV,HPUX,HP-UX B.11,Siebel,7.7.2.12
Siebel Financial(Admin Banco),A217,152.139.22.176,CDLV,HPUX,HP-UX B.11,Siebel,7.7.2.12
Siebel Financial,BCHAPP136,152.139.23.55,CDLV,WINDOWS,MICROSOFT WINDOWS SERVER 2019,IIS,6.0
Siebel Financial,BCHAPP20,152.139.22.90,CDLV,WINDOWS,MICROSOFT WINDOWS SERVER 2019,Tomcat,1.4
Siebel Financial,BCHAPP45,152.139.82.96,CDLV,WINDOWS,MICROSOFT WINDOWS SERVER 2008,Axway Host to Host,6.13.0
Siebel Financial(Admin Banco),BCHAPP614,152.139.49.115,CDLV,WINDOWS,MICROSOFT WINDOWS SERVER 2003,Siebel,7.7.2.12
Siebel Financial(Admin Banco),BCHAPP617,152.139.49.93,CDLV,WINDOWS,MICROSOFT WINDOWS SERVER 2003,Siebel,7.7.2.12
SIGNSYS,BCHAPP875,152.139.83.148,CDLV,WINDOWS,MICROSOFT WINDOWS SERVER 2019,IIS,
SIGNSYS,BCHAPP876,152.139.83.150,CDLV,WINDOWS,MICROSOFT WINDOWS SERVER 2019,IIS,
SIGNSYS,BCHAPP877,152.139.85.144,LGVL,WINDOWS,MICROSOFT WINDOWS SERVER 2019,IIS,
SIGNSYS,BCHAPP882,152.139.85.146,LGVL,WINDOWS,MICROSOFT WINDOWS SERVER 2019,IIS,
SRM,U009,152.139.2.6,CDLV,UNIX,AIX 6,SRM,N/A
SRM,U010,152.139.2.35,CDLV,UNIX,AIX 7.1,SRM,N/A
SRM,U015,152.139.2.131,CDLV,UNIX,AIX 7.1,SRM,N/A
SRM,U017,152.139.2.71,CDLV,UNIX,AIX 7.1,SRM,N/A
SRM,U023,152.139.2.22,CDLV,UNIX,AIX 6,SRM,
SRM,U024,152.139.10.3,CDLV,UNIX,AIX 6,SRM,
SRM,U025,152.139.3.209,CDLV,UNIX,AIX 6,SRM,
SRM,U028,152.139.2.86,CDLV,UNIX,AIX 6,SRM,
SRM,U033,152.139.2.39,CDLV,UNIX,AIX 7.1,SRM,
SRM,U047,152.139.2.216,CDLV,UNIX,AIX 7.1,SRM,
SRM,U054,152.139.2.62,CDLV,UNIX,AIX 6,SRM,
SRM,U055,152.139.2.63,CDLV,UNIX,AIX 6,SRM,
SRM,U056,152.139.2.64,CDLV,UNIX,AIX 6,SRM,
SRM,U058,152.139.2.104,CDLV,UNIX,AIX 6,SRM,
SRM,U059,152.139.2.121,CDLV,UNIX,AIX 6,SRM,
SRM,U060,152.139.2.122,CDLV,UNIX,AIX 6,SRM,
SRM,U062,152.139.2.93,CDLV,UNIX,AIX 7.1,SRM,
SRM,U071,pendiente,CDLV,UNIX,AIX 7.1,SRM,
SRM,U076,pendiente,CDLV,UNIX,AIX 7.1,SRM,
SRM,U088,152.139.3.176,CDLV,SOLARIS,SOLARIS SUNOS 5.9,SRM,
SRM,U096,152.139.2.65,CDLV,SOLARIS,SOLARIS SUNOS 5.9,SRM,
SRM,U099,pendiente,CDLV,UNIX,AIX 7.1,SRM,
SRM,U103,152.139.2.92,CDLV,UNIX,AIX 6,SRM,
SRM,U104,pendiente,CDLV,UNIX,AIX 7.1,SRM,
SRM,U106,152.139.2.124,CDLV,SOLARIS,SOLARIS SUNOS 5.9,SRM,
SRM,U111,152.139.2.44,CDLV,UNIX,AIX 6,SRM,
SRM,U121,pendiente,CDLV,UNIX,AIX 7.1,SRM,
SRM,U122,152.139.3.200,CDLV,SOLARIS,SOLARIS SUNOS 5.10,SRM,
SRM,U133,pendiente,CDLV,UNIX,AIX 7.1,SRM,
SRM,U134,152.139.3.89,CDLV,UNIX,AIX 7,SRM,
SRM,U149,152.139.3.141,CDLV,UNIX,AIX 6,SRM,
SRM,U152,152.139.22.103,CDLV,UNIX,AIX 7,SRM,
SRM,U158,152.139.3.107,CDLV,SOLARIS,SOLARIS SUNOS 5.9,SRM,
SRM,U159,152.139.22.128,CDLV,UNIX,AIX 6,SRM,
SRM,U160,pendiente,CDLV,UNIX,AIX 7.1,SRM,
SRM,U163,pendiente,CDLV,UNIX,AIX 7.1,SRM,
SRM,U184,152.139.3.227,CDLV,UNIX,AIX 6,SRM,
SRM,U188,152.139.3.148,CDLV,SOLARIS,SOLARIS SUNOS 5.9,SRM,
SRM,U192,152.139.23.222,CDLV,UNIX,AIX 5,SRM,
SRM,U193,152.139.23.223,CDLV,UNIX,AIX 5,SRM,
SRM,U202,152.139.3.1,CDLV,SOLARIS,SOLARIS SUNOS 5.9,SRM,
SRM,U203,152.139.3.6,CDLV,SOLARIS,SOLARIS SUNOS 5.9,SRM,
SRM,U258,pendiente,CDLV,UNIX,AIX 7.1,SRM,
SRM,U273,152.139.22.113,CDLV,UNIX,AIX 6,SRM,
SRM,U293,pendiente,CDLV,UNIX,AIX 7.1,SRM,
SRM,U294,pendiente,CDLV,UNIX,AIX 7.1,SRM,
SRM,U302,152.139.3.87,CDLV,SOLARIS,SOLARIS SUNOS 5.9,SRM,
SRM,U303,152.139.3.20,CDLV,SOLARIS,SOLARIS SUNOS 5.9,SRM,
SRM,U402,152.139.2.186,CDLV,SOLARIS,SOLARIS SUNOS 5.9,SRM,
SRM,U403,152.139.2.191,CDLV,SOLARIS,SOLARIS SUNOS 5.9,SRM,
SRM,U416,152.139.82.139,CDLV,UNIX,AIX 6,Bridge,
SRM,U417,152.139.84.91,CDLV,UNIX,AIX 6,Bridge,
SRM,U502,152.139.2.187,CDLV,SOLARIS,SOLARIS SUNOS 5.9,SRM,
SRM,U503,152.139.2.196,CDLV,SOLARIS,SOLARIS SUNOS 5.9,SRM,
SRM,U568,152.139.182.111,CDLV,UNIX,AIX 7,SRM,
SRM,U569,152.139.182.113,CDLV,UNIX,AIX 7,SRM,
SRM,U602,152.139.2.94,CDLV,SOLARIS,SOLARIS SUNOS 5.9,SRM,
SRM,U603,152.139.2.99,CDLV,SOLARIS,SOLARIS SUNOS 5.9,SRM,
SRM,U702,152.139.3.60,CDLV,SOLARIS,SOLARIS SUNOS 5.9,SRM,
SRM,U703,152.139.2.143,CDLV,SOLARIS,SOLARIS SUNOS 5.9,SRM,
SRM,U802,152.139.2.32,CDLV,SOLARIS,SOLARIS SUNOS 5.9,SRM,
SRM,U803,152.139.2.60,CDLV,SOLARIS,SOLARIS SUNOS 5.9,SRM,
SRM,U902,152.139.3.125,CDLV,UNIX,AIX 6,SRM,
SRM,U903,152.139.3.158,CDLV,UNIX,AIX 6,SRM,
SRM,U952,152.139.22.71,CDLV,UNIX,AIX 6,SRM,
SRM,U953,152.139.23.27,CDLV,UNIX,AIX 6,SRM,
SRM,UMDI,pendiente,CDLV,UNIX,AIX 7.1,SRM,
SRM,UPLA,152.139.2.3,CDLV,UNIX,AIX 6,SRM,
SRM,USBT,152.139.2.5,CDLV,UNIX,AIX 6,SRM,
SRM,X062,152.139.22.101,CDLV,UNIX,AIX 6,SRM,
SRM,X080,pendiente,CDLV,UNIX,AIX 7.1,SRM,
SRM,X158,pendiente,CDLV,UNIX,AIX 7.1,SRM,
SRM,X417,152.139.69.65,CDLV,UNIX,AIX 6,Bridge,
SRM,TPLA,152.139.3.34,LGVL,UNIX,AIX 6,SRM,
Multicanal,VP1MW324,152.139.166.24,CDLV,LINUX,ORACLE LINUX 6,Oracle WebLogic Server,10.3.6.0
Multicanal,VP1MW325,152.139.166.25,CDLV,LINUX,ORACLE LINUX 6,Oracle WebLogic Server,10.3.6.0
Multicanal,VP1MW326,152.139.166.26,CDLV,LINUX,ORACLE LINUX 6,Oracle WebLogic Server,10.3.6.0
Multicanal,VP1MW327,152.139.166.27,CDLV,LINUX,ORACLE LINUX 6,Oracle WebLogic Server,10.3.6.0
Multicanal,VP2MW324,152.139.167.24,LGVL,LINUX,ORACLE LINUX 6,Oracle Weblogic Server,10.3.6.0
Multicanal,VP2MW325,152.139.167.25,LGVL,LINUX,ORACLE LINUX 6,Oracle Weblogic Server,10.3.6.0
Multicanal,VP2MW326,152.139.167.26,LGVL,LINUX,ORACLE LINUX 6,Oracle Weblogic Server,10.3.6.0
Multicanal,VP2MW327,152.139.167.27,LGVL,LINUX,ORACLE LINUX 6,Oracle Weblogic Server,10.3.6.0
Multi Switch,BCHLNX462,10.242.200.154,CDLV,LINUX,RED HAT ENTERPRISE LINUX 7,Oracle Weblogic Server,10.3.6.0
Multi Switch,BCHLNX463,10.242.200.155,CDLV,LINUX,RED HAT ENTERPRISE LINUX 7,Oracle Weblogic Server,10.3.6.0
Multi Switch,BCHLNX464,10.232.200.156,LGVL,LINUX,RED HAT ENTERPRISE LINUX 7,Oracle Weblogic Server,10.3.6.0
Multi Switch,BCHLNX465,10.232.200.157,LGVL,LINUX,RED HAT ENTERPRISE LINUX 7,Oracle Weblogic Server,10.3.6.0
SYSVAL,BCHAPP751,152.139.82.172,CDLV,WINDOWS,MICROSOFT WINDOWS SERVER 2016,IIS,10.0.14393.0
SYSVAL,BCHAPP752,152.139.85.163,LGVL,WINDOWS,MICROSOFT WINDOWS SERVER 2016,IIS,10.0.14393.0
TCR,VP1MW227,152.139.102.26,CDLV,LINUX,ORACLE LINUX 6,Oracle HTTP Server,12.2.1.2.0
TCR,VP1MW228,152.139.102.27,CDLV,LINUX,ORACLE LINUX 6,Oracle HTTP Server,12.2.1.2.0
TCR,VP2MW227,152.139.104.8,LGVL,LINUX,ORACLE LINUX 6,Oracle HTTP Server,12.2.1.2.0
TCR,VP2MW228,152.139.104.9,LGVL,LINUX,ORACLE LINUX 6,Oracle HTTP Server,12.2.1.2.0
TUXEDO,U337,152.139.83.138,CDLV,AIX,AIX 6,Tuxedo,11.1.1.2.0
TUXEDO,U339,152.139.84.180,LGVL,AIX,AIX 6,Tuxedo,11.1.1.2.0
WAS CORE,U230,152.139.23.147,CDLV,AIX,AIX 5,Websphere Application Server,5.1.1.19
WAS CORE,U232,152.139.23.149,CDLV,AIX,AIX 5,Websphere Application Server,5.1.1.19
WAS CORE,U234,152.139.23.148,CDLV,AIX,AIX 5,Websphere Application Server,5.1.1.19
WAS CORE,U228,152.139.23.131,LGVL,AIX,AIX 5,Websphere Application Server,5.1.1.19
WAS CORE,U235,152.139.23.132,LGVL,AIX,AIX 5,Websphere Application Server,5.1.1.19
WAS CORE,U246,152.139.22.141,LGVL,AIX,AIX 5,Websphere Application Server,5.1.1.19
WAS CRM,U249,152.139.23.186,CDLV,AIX,AIX 5,Websphere Application Server,5.1.1.19
WAS CRM,U275,152.139.22.129,CDLV,AIX,AIX 5,Websphere Application Server,5.1.1.19
WAS CRM,U239,152.139.23.167,LGVL,AIX,AIX 5,Websphere Application Server,5.1.1.19
WAS CRM,U247,152.139.22.158,LGVL,AIX,AIX 5,Websphere Application Server,5.1.1.19
WAS GENESIS,U227,152.139.23.158,CDLV,AIX,AIX 5,Websphere Application Server,5.1.1.19
WAS GENESIS,U237,152.139.23.166,LGVL,AIX,AIX 5,Websphere Application Server,5.1.1.19
WAS Iplanet,U386,152.139.22.203,CDLV,AIX,AIX 5,Websphere Application Server,5.1
WAS Iplanet,U253,152.139.22.146,LGVL,AIX,AIX 5,Websphere Application Server,5.1
Multicanal,VP1MW306,152.139.166.6,CDLV,LINUX,ORACLE LINUX 6,Oracle Weblogic Server,12.2.1.3.0
Multicanal,VP1MW307,152.139.166.7,CDLV,LINUX,ORACLE LINUX 6,Oracle Weblogic Server,12.2.1.3.0
Multicanal,VP1MW308,152.139.166.8,CDLV,LINUX,ORACLE LINUX 6,Oracle Weblogic Server,12.2.1.3.0
Multicanal,VP2MW306,152.139.167.6,LGVL,LINUX,ORACLE LINUX 6,Oracle Weblogic Server,12.2.1.3.0
Multicanal,VP2MW307,152.139.167.7,LGVL,LINUX,ORACLE LINUX 6,Oracle Weblogic Server,12.2.1.3.0
Multicanal,VP2MW308,152.139.167.8,LGVL,LINUX,ORACLE LINUX 6,Oracle Weblogic Server,12.2.1.3.0
TELETON,VP1MW216,152.139.102.189,CDLV,LINUX,ORACLE LINUX 6,Oracle WebLogic Server,12.2.1.2.0
TELETON,VP1MW217,152.139.102.190,CDLV,LINUX,ORACLE LINUX 6,Oracle WebLogic Server,12.2.1.2.0
TELETON,VP1MW218,152.139.102.194,CDLV,LINUX,ORACLE LINUX 6,Oracle WebLogic Server,12.2.1.2.0
TELETON,VP2MW216,152.139.104.189,LGVL,LINUX,ORACLE LINUX 6,Oracle Weblogic Server,12.2.1.2.0
TELETON,VP2MW217,152.139.104.190,LGVL,LINUX,ORACLE LINUX 6,Oracle Weblogic Server,12.2.1.2.0
TELETON,VP2MW218,152.139.104.191,LGVL,LINUX,ORACLE LINUX 6,Oracle Weblogic Server,12.2.1.2.0
TELLER,VP1MW213,152.139.102.23,CDLV,LINUX,ORACLE LINUX 6,Oracle WebLogic Server,12.2.1.2.0
TELLER,VP1MW214,152.139.102.24,CDLV,LINUX,ORACLE LINUX 6,Oracle WebLogic Server,12.2.1.2.0
TELLER,VP1MW215,152.139.102.25,CDLV,LINUX,ORACLE LINUX 6,Oracle WebLogic Server,12.2.1.2.0
TELLER,VP2MW213,152.139.104.118,LGVL,LINUX,ORACLE LINUX 6,Oracle WebLogic Server,12.2.1.2.0
TELLER,VP2MW214,152.139.104.24,LGVL,LINUX,ORACLE LINUX 6,Oracle WebLogic Server,12.2.1.2.0
TELLER,VP2MW215,152.139.104.25,LGVL,LINUX,ORACLE LINUX 6,Oracle WebLogic Server,12.2.1.2.0
